ts,latitude,longitude,satellites
-0.73,39.389923095703125,-8.289725303649902,12
-0.33,39.389923095703125,-8.289726257324219,12
-0.23,39.389923095703125,-8.289726257324219,12
-0.13,39.389923095703125,-8.289726257324219,12
0.07,39.389923095703125,-8.289727210998535,12
0.27,39.389923095703125,-8.289728164672852,12
0.67,39.38991928100586,-8.289743423461914,12
0.87,39.389915466308594,-8.289756774902344,12
1.07,39.38991165161133,-8.289770126342773,12
1.27,39.38990783691406,-8.289786338806152,12
1.67,39.389896392822266,-8.28981876373291,12
1.77,39.389896392822266,-8.28981876373291,12
1.87,39.389892578125,-8.289835929870605,12
2.07,39.389888763427734,-8.289851188659668,12
2.27,39.38988494873047,-8.289871215820312,12
2.67,39.38987731933594,-8.289921760559082,12
2.87,39.38987350463867,-8.289944648742676,12
3.07,39.38987350463867,-8.289966583251953,12
3.27,39.38986587524414,-8.289996147155762,12
3.67,39.38986587524414,-8.29002571105957,12
3.87,39.38985824584961,-8.290077209472656,12
4.07,39.389862060546875,-8.290098190307617,12
4.27,39.389854431152344,-8.290125846862793,10
4.67,39.38984298706055,-8.290159225463867,10
4.87,39.389827728271484,-8.29022216796875,10
5.07,39.38982391357422,-8.290251731872559,10
5.17,39.38982391357422,-8.290251731872559,10
5.27,39.38982009887695,-8.290278434753418,10
5.47,39.38982009887695,-8.290278434753418,10
5.77,39.38982009887695,-8.290278434753418,0
6.27,39.389801025390625,-8.290510177612305,0
6.47,39.389801025390625,-8.290510177612305,5
6.67,39.39006423950195,-8.29052448272705,0
6.87,39.39014434814453,-8.29053783416748,6
7.07,39.39017868041992,-8.290563583374023,4
7.27,39.39021682739258,-8.29058837890625,4
7.57,39.39025115966797,-8.290595054626465,4
8.27,39.39035415649414,-8.290767669677734,4
8.67,39.390380859375,-8.29081916809082,4
9.07,39.39045333862305,-8.290936470031738,4
9.27,39.3904914855957,-8.29098129272461,3
9.47,39.3904914855957,-8.29098129272461,3
9.77,39.3904914855957,-8.29098129272461,4
10.67,39.39091110229492,-8.29131031036377,8
10.87,39.390953063964844,-8.29133415222168,4
11.07,39.39097595214844,-8.291352272033691,4
11.27,39.39098358154297,-8.291302680969238,5
11.47,39.39098358154297,-8.291302680969238,8
11.77,39.39098358154297,-8.291302680969238,0
21.67,39.388702392578125,-8.286437034606934,0
21.77,39.388694763183594,-8.286412239074707,0
21.87,39.388694763183594,-8.286376953125,0
22.07,39.388694763183594,-8.286338806152344,0
22.27,39.38868713378906,-8.286306381225586,0
22.67,39.388675689697266,-8.28624439239502,0
22.87,39.388668060302734,-8.286214828491211,0
23.07,39.3886604309082,-8.286184310913086,0
23.27,39.38865280151367,-8.286154747009277,0
23.67,39.38863754272461,-8.28609848022461,0
23.77,39.38863754272461,-8.28609848022461,0
23.87,39.388633728027344,-8.286069869995117,0
24.17,39.38862991333008,-8.286040306091309,0
24.27,39.38862609863281,-8.286009788513184,0
24.67,39.38862228393555,-8.285947799682617,0
24.87,39.38861846923828,-8.285920143127441,0
25.07,39.38861846923828,-8.28589153289795,0
25.27,39.38862228393555,-8.285865783691406,0
25.77,39.38859558105469,-8.285789489746094,0
25.87,39.388587951660156,-8.285758972167969,0
26.17,39.388580322265625,-8.285722732543945,0
27.07,39.38852310180664,-8.285482406616211,0
27.27,39.38851547241211,-8.285432815551758,12
27.47,39.38850021362305,-8.285401344299316,12
27.67,39.38849639892578,-8.285359382629395,12
27.77,39.38849639892578,-8.285359382629395,12
27.87,39.388492584228516,-8.285317420959473,12
28.17,39.38848876953125,-8.285283088684082,12
28.27,39.38848114013672,-8.28524398803711,12
28.67,39.38848114013672,-8.28516674041748,12
28.87,39.38850021362305,-8.285136222839355,12
29.07,39.38851547241211,-8.285103797912598,12
29.27,39.38853073120117,-8.28506851196289,12
29.67,39.38856506347656,-8.28501033782959,12
29.77,39.38856506347656,-8.28501033782959,12
29.87,39.388587951660156,-8.284976959228516,12
30.07,39.38860321044922,-8.28493881225586,12
30.27,39.38861083984375,-8.284896850585938,12
30.67,39.388648986816406,-8.28482723236084,12
30.87,39.38866424560547,-8.284795761108398,12
31.07,39.3886833190918,-8.284771919250488,12
31.27,39.388702392578125,-8.284750938415527,12
31.67,39.38874053955078,-8.284709930419922,12
31.77,39.38874053955078,-8.284709930419922,12
31.87,39.38876724243164,-8.284686088562012,12
32.07,39.388790130615234,-8.284668922424316,12
32.27,39.38881301879883,-8.284648895263672,12
32.67,39.38886260986328,-8.284614562988281,12
32.87,39.388885498046875,-8.28459358215332,12
33.07,39.388912200927734,-8.284568786621094,12
33.27,39.38893508911133,-8.284544944763184,12
33.67,39.38898468017578,-8.284497261047363,12
33.77,39.38898468017578,-8.284497261047363,12
33.87,39.38901138305664,-8.284472465515137,12
34.07,39.3890380859375,-8.284448623657227,12
34.27,39.389060974121094,-8.28442668914795,12
34.67,39.38911437988281,-8.284387588500977,12
34.87,39.389137268066406,-8.284370422363281,12
35.07,39.38916015625,-8.284356117248535,12
35.27,39.389183044433594,-8.284337043762207,12
35.67,39.38923263549805,-8.284306526184082,12
35.87,39.38925552368164,-8.28429126739502,12
36.07,39.389278411865234,-8.284280776977539,12
36.27,39.38929748535156,-8.284268379211426,12
36.67,39.38933563232422,-8.284249305725098,12
36.87,39.38935470581055,-8.284241676330566,12
37.07,39.389373779296875,-8.284234046936035,12
37.27,39.38939666748047,-8.284226417541504,12
37.47,39.38939666748047,-8.284226417541504,12
37.67,39.389442443847656,-8.284202575683594,12
37.87,39.389469146728516,-8.284191131591797,12
38.07,39.38949203491211,-8.284177780151367,12
38.27,39.3895149230957,-8.28416633605957,12
38.67,39.389564514160156,-8.28414249420166,12
38.87,39.389583587646484,-8.284133911132812,12
39.07,39.38960647583008,-8.284123420715332,12
39.27,39.389625549316406,-8.284111976623535,12
39.67,39.389671325683594,-8.284090995788574,12
39.87,39.38969421386719,-8.284080505371094,12
40.07,39.38971710205078,-8.284067153930664,12
40.27,39.38973617553711,-8.284051895141602,12
40.67,39.3897819519043,-8.284018516540527,12
40.87,39.38980484008789,-8.283995628356934,12
41.07,39.38982391357422,-8.283971786499023,12
41.27,39.38984680175781,-8.28394603729248,12
41.67,39.38987731933594,-8.283892631530762,12
41.87,39.389892578125,-8.283864974975586,12
42.07,39.38990783691406,-8.283836364746094,12
42.27,39.389915466308594,-8.283808708190918,12
42.67,39.389930725097656,-8.283770561218262,12
42.87,39.38993835449219,-8.283764839172363,12
43.07,39.38995361328125,-8.283754348754883,12
43.27,39.38996887207031,-8.283747673034668,12
43.67,39.390018463134766,-8.283717155456543,12
43.87,39.390045166015625,-8.28369140625,12
44.07,39.390071868896484,-8.28366470336914,12
44.27,39.39009094238281,-8.283631324768066,12
44.67,39.39012145996094,-8.283562660217285,12
44.87,39.390132904052734,-8.28353500366211,12
45.07,39.390140533447266,-8.283506393432617,12
45.27,39.39015197753906,-8.283478736877441,12
45.67,39.39017105102539,-8.283439636230469,12
45.87,39.39018630981445,-8.283421516418457,12
46.07,39.39020538330078,-8.283403396606445,12
46.27,39.390228271484375,-8.2833833694458,12
46.67,39.39027404785156,-8.283324241638184,12
46.87,39.39029312133789,-8.283287048339844,12
47.07,39.39030838012695,-8.283252716064453,12
47.27,39.39031982421875,-8.28321647644043,12
47.67,39.39033889770508,-8.283141136169434,12
47.87,39.39034652709961,-8.283102035522461,12
48.07,39.39035415649414,-8.283064842224121,12
48.27,39.39036560058594,-8.283028602600098,12
48.67,39.390384674072266,-8.282960891723633,12
48.87,39.39039611816406,-8.282927513122559,12
49.07,39.39040756225586,-8.28289794921875,12
49.27,39.390419006347656,-8.282868385314941,12
49.67,39.39044189453125,-8.282814025878906,12
49.87,39.39045333862305,-8.282783508300781,12
50.07,39.390464782714844,-8.282754898071289,12
50.27,39.390472412109375,-8.28272819519043,12
50.67,39.3904914855957,-8.282681465148926,12
50.87,39.3905029296875,-8.282661437988281,12
51.07,39.39051818847656,-8.282642364501953,12
51.27,39.39052963256836,-8.282622337341309,12
51.67,39.39055252075195,-8.28258228302002,12
51.87,39.390567779541016,-8.282563209533691,12
52.07,39.390586853027344,-8.282540321350098,12
52.27,39.39060592651367,-8.282515525817871,12
52.67,39.390647888183594,-8.282450675964355,12
52.87,39.39066696166992,-8.282408714294434,12
53.07,39.39068603515625,-8.282364845275879,12
53.27,39.39069366455078,-8.282319068908691,12
53.67,39.39070129394531,-8.282234191894531,12
53.87,39.39070510864258,-8.282206535339355,12
54.07,39.39071273803711,-8.282182693481445,12
54.27,39.390724182128906,-8.28216552734375,12
54.67,39.3907585144043,-8.282120704650879,12
54.87,39.39077377319336,-8.282093048095703,12
55.07,39.39079284667969,-8.282060623168945,12
55.27,39.390804290771484,-8.282027244567871,12
55.47,39.39081954956055,-8.281993865966797,12
55.87,39.39083480834961,-8.281930923461914,12
56.07,39.39084243774414,-8.281903266906738,12
56.27,39.39085006713867,-8.281879425048828,12
56.67,39.390865325927734,-8.281841278076172,12
56.87,39.39087677001953,-8.281826972961426,12
57.07,39.390892028808594,-8.28181266784668,12
57.27,39.39091110229492,-8.281797409057617,12
57.87,39.3909797668457,-8.281725883483887,12
58.07,39.39100646972656,-8.281694412231445,12
58.27,39.391029357910156,-8.281661033630371,12
58.67,39.391075134277344,-8.281590461730957,12
58.87,39.39109420776367,-8.281553268432617,12
59.07,39.39111328125,-8.28151798248291,12
59.27,39.39113235473633,-8.281481742858887,12
59.67,39.39116287231445,-8.28140926361084,12
59.87,39.391178131103516,-8.28137493133545,12
60.07,39.39118957519531,-8.281340599060059,12
60.27,39.391204833984375,-8.281306266784668,12
60.67,39.391231536865234,-8.281242370605469,12
60.87,39.3912467956543,-8.281214714050293,12
61.07,39.39126205444336,-8.281187057495117,12
61.27,39.39128112792969,-8.281158447265625,12
61.67,39.391319274902344,-8.28110408782959,12
61.87,39.39133834838867,-8.281075477600098,12
62.07,39.391361236572266,-8.281044960021973,12
62.27,39.391380310058594,-8.28101634979248,12
62.67,39.391422271728516,-8.280950546264648,12
62.87,39.39143753051758,-8.280915260314941,12
63.07,39.39145278930664,-8.280878067016602,12
63.27,39.39146423339844,-8.280841827392578,12
63.67,39.391483306884766,-8.280771255493164,12
63.87,39.39149475097656,-8.280742645263672,12
64.07,39.391502380371094,-8.280713081359863,12
64.27,39.39150619506836,-8.280683517456055,12
64.67,39.39152526855469,-8.280630111694336,12
64.87,39.39153289794922,-8.280604362487793,12
65.07,39.39154052734375,-8.280579566955566,12
65.27,39.39155197143555,-8.280555725097656,12
65.87,39.3915901184082,-8.280482292175293,12
66.07,39.3916015625,-8.280458450317383,12
66.27,39.3916130065918,-8.280435562133789,12
66.67,39.39163589477539,-8.280388832092285,12
66.87,39.39164352416992,-8.280364036560059,12
67.07,39.39164733886719,-8.280339241027832,12
67.27,39.39165496826172,-8.280312538146973,12
67.47,39.39165496826172,-8.280312538146973,12
67.67,39.39166259765625,-8.28026294708252,12
67.87,39.391666412353516,-8.280238151550293,12
68.07,39.39167022705078,-8.2802152633667,12
68.27,39.39167404174805,-8.280194282531738,12
68.67,39.391693115234375,-8.28015422821045,12
68.87,39.39170837402344,-8.280135154724121,12
69.07,39.3917236328125,-8.280115127563477,12
69.27,39.39173889160156,-8.2800931930542,12
69.67,39.391780853271484,-8.280047416687012,12
69.87,39.39179992675781,-8.280024528503418,12
70.07,39.39181900024414,-8.28000259399414,12
70.27,39.39183807373047,-8.279980659484863,12
70.67,39.391868591308594,-8.279949188232422,12
70.87,39.391876220703125,-8.279932975769043,12
71.07,39.39188766479492,-8.27991771697998,12
71.27,39.39189910888672,-8.279898643493652,12
71.67,39.39192199707031,-8.279860496520996,12
71.87,39.391937255859375,-8.279837608337402,12
72.07,39.39195251464844,-8.279810905456543,12
72.27,39.3919677734375,-8.27978229522705,12
72.67,39.39200210571289,-8.279717445373535,12
72.87,39.39201736450195,-8.279680252075195,12
73.07,39.392032623291016,-8.279644966125488,12
73.27,39.392051696777344,-8.279605865478516,12
73.67,39.39208221435547,-8.279524803161621,12
73.87,39.3921012878418,-8.279485702514648,12
74.07,39.392120361328125,-8.279448509216309,12
74.27,39.39213943481445,-8.279414176940918,12
74.67,39.392181396484375,-8.279348373413086,12
74.87,39.39220428466797,-8.279317855834961,12
75.07,39.3922233581543,-8.279291152954102,12
75.27,39.392242431640625,-8.27926254272461,12
75.57,39.39226150512695,-8.279234886169434,12
75.67,39.39228057861328,-8.279208183288574,12
75.87,39.39229965209961,-8.279181480407715,12
76.07,39.39231872558594,-8.279153823852539,12
76.27,39.392337799072266,-8.279125213623047,12
76.67,39.39237594604492,-8.279068946838379,12
76.87,39.392391204833984,-8.27904224395752,12
77.07,39.39240646362305,-8.279014587402344,12
77.27,39.39242172241211,-8.278987884521484,12
77.57,39.39243698120117,-8.278962135314941,12
77.67,39.392452239990234,-8.278936386108398,12
77.87,39.3924674987793,-8.278910636901855,12
78.07,39.39248275756836,-8.278883934020996,12
78.27,39.39249801635742,-8.278858184814453,12
78.67,39.39253234863281,-8.278800964355469,12
78.87,39.39255142211914,-8.278772354125977,12
79.07,39.39257049560547,-8.2787446975708,12
79.27,39.3925895690918,-8.278716087341309,12
79.57,39.39261245727539,-8.2786865234375,12
79.67,39.39263153076172,-8.278656959533691,12
79.87,39.39265060424805,-8.278627395629883,12
80.07,39.39267349243164,-8.278597831726074,12
80.27,39.39269256591797,-8.27856731414795,12
80.67,39.392730712890625,-8.278495788574219,12
80.87,39.39274597167969,-8.278461456298828,12
81.07,39.39276123046875,-8.278426170349121,12
81.27,39.39278030395508,-8.278389930725098,12
81.57,39.392791748046875,-8.278353691101074,12
81.67,39.39280700683594,-8.278319358825684,12
81.87,39.392822265625,-8.278285026550293,12
82.07,39.3928337097168,-8.278250694274902,12
82.27,39.392845153808594,-8.278216361999512,12
82.47,39.392860412597656,-8.278182983398438,12
82.67,39.39287185668945,-8.27815055847168,12
82.87,39.392879486083984,-8.278119087219238,12
83.07,39.392887115478516,-8.278087615966797,12
83.27,39.39289093017578,-8.278057098388672,12
83.57,39.39289855957031,-8.278027534484863,12
83.67,39.392906188964844,-8.277997016906738,12
83.87,39.39291000366211,-8.27796745300293,12
84.07,39.392913818359375,-8.277938842773438,12
84.27,39.39291763305664,-8.277911186218262,12
84.67,39.39292526245117,-8.277857780456543,12
84.87,39.3929328918457,-8.277832984924316,12
85.07,39.39293670654297,-8.277809143066406,12
85.27,39.392948150634766,-8.277787208557129,12
85.67,39.39295959472656,-8.277765274047852,12
85.87,39.39299011230469,-8.277717590332031,12
86.07,39.393009185791016,-8.27768611907959,12
86.27,39.393028259277344,-8.277653694152832,12
86.67,39.39306640625,-8.277581214904785,12
86.87,39.39308166503906,-8.277545928955078,12
87.07,39.393096923828125,-8.277510643005371,12
87.27,39.39311218261719,-8.277473449707031,12
87.57,39.39311981201172,-8.277434349060059,12
87.67,39.393131256103516,-8.277398109436035,12
87.87,39.39313888549805,-8.277362823486328,12
88.07,39.39314651489258,-8.277325630187988,12
88.27,39.39315414428711,-8.277288436889648,12
88.67,39.39316940307617,-8.27722454071045,12
88.87,39.3931770324707,-8.277193069458008,12
89.07,39.393184661865234,-8.2771635055542,12
89.27,39.3931999206543,-8.277135848999023,12
89.57,39.39321517944336,-8.27711009979248,12
89.67,39.39323043823242,-8.277084350585938,12
89.87,39.39324951171875,-8.277060508728027,12
90.07,39.39326858520508,-8.27703857421875,12
90.27,39.39328384399414,-8.277013778686523,12
90.67,39.3933219909668,-8.276956558227539,12
90.87,39.39333724975586,-8.276924133300781,12
91.07,39.393348693847656,-8.27688980102539,12
91.27,39.39336013793945,-8.276854515075684,12
91.57,39.393367767333984,-8.27681827545166,12
91.67,39.393375396728516,-8.27678108215332,12
91.87,39.39337921142578,-8.276741027832031,12
92.07,39.39338302612305,-8.27670669555664,12
92.27,39.39338302612305,-8.27667236328125,12
92.67,39.39338684082031,-8.276607513427734,12
92.87,39.39338684082031,-8.276576042175293,12
93.07,39.39339065551758,-8.2765474319458,12
93.27,39.393394470214844,-8.276520729064941,12
93.57,39.39339828491211,-8.276495933532715,12
93.67,39.393402099609375,-8.276472091674805,12
93.87,39.393409729003906,-8.276446342468262,12
94.07,39.39341354370117,-8.276420593261719,12
94.27,39.39341735839844,-8.276392936706543,12
94.67,39.3934211730957,-8.276331901550293,12
94.87,39.39342498779297,-8.276299476623535,12
95.07,39.393428802490234,-8.276266098022461,12
95.27,39.3934326171875,-8.27623176574707,12
95.57,39.393436431884766,-8.276198387145996,12
95.67,39.393436431884766,-8.276162147521973,12
95.87,39.393436431884766,-8.276126861572266,12
96.07,39.39344024658203,-8.276093482971191,12
96.27,39.39344024658203,-8.276061058044434,12
96.47,39.393436431884766,-8.276028633117676,12
96.67,39.393436431884766,-8.275999069213867,12
96.87,39.393436431884766,-8.275967597961426,12
97.07,39.3934326171875,-8.275938034057617,12
97.27,39.3934326171875,-8.275909423828125,12
97.57,39.3934326171875,-8.27588176727295,12
97.67,39.393428802490234,-8.275856018066406,12
97.87,39.39342498779297,-8.275832176208496,12
98.07,39.39342498779297,-8.275810241699219,12
98.27,39.39342498779297,-8.27579116821289,12
98.67,39.39342498779297,-8.275752067565918,12
98.87,39.39342498779297,-8.27573299407959,12
99.07,39.39342498779297,-8.275715827941895,12
99.27,39.393428802490234,-8.275696754455566,12
99.57,39.393428802490234,-8.275678634643555,12
99.67,39.3934326171875,-8.275659561157227,12
99.87,39.39344024658203,-8.275640487670898,12
100.07,39.39345169067383,-8.275618553161621,12
100.27,39.39345932006836,-8.275596618652344,12
100.67,39.39348602294922,-8.27554702758789,12
100.87,39.39350128173828,-8.275519371032715,12
101.07,39.39351272583008,-8.275491714477539,12
101.27,39.39352798461914,-8.275463104248047,12
101.57,39.39353942871094,-8.275432586669922,12
101.67,39.3935546875,-8.275400161743164,12
101.87,39.39356231689453,-8.27536678314209,12
102.07,39.39357376098633,-8.275335311889648,12
102.27,39.393585205078125,-8.275301933288574,12
102.67,39.39359664916992,-8.27523422241211,12
102.87,39.39360046386719,-8.275201797485352,12
103.07,39.39360809326172,-8.275169372558594,12
103.27,39.393611907958984,-8.275137901306152,12
103.57,39.393619537353516,-8.275106430053711,12
103.67,39.39362335205078,-8.27507495880127,12
103.87,39.39363479614258,-8.275044441223145,12
104.07,39.393646240234375,-8.275014877319336,12
104.27,39.39365768432617,-8.274985313415527,12
104.67,39.3936767578125,-8.27492618560791,12
104.87,39.39368438720703,-8.27490234375,12
105.07,39.39369201660156,-8.274879455566406,12
105.27,39.393699645996094,-8.274856567382812,12
105.57,39.39370346069336,-8.274834632873535,12
105.67,39.39371109008789,-8.274811744689941,12
105.87,39.39371871948242,-8.274789810180664,12
106.07,39.39372253417969,-8.274771690368652,12
106.27,39.39373016357422,-8.274754524230957,12
106.67,39.39375686645508,-8.274709701538086,12
106.87,39.39377212524414,-8.274681091308594,12
107.07,39.39379119873047,-8.274649620056152,12
107.27,39.3938102722168,-8.274617195129395,12
107.47,39.393829345703125,-8.274581909179688,12
107.57,39.393829345703125,-8.274581909179688,12
107.67,39.39384460449219,-8.274544715881348,12
107.87,39.39385986328125,-8.27450942993164,12
108.07,39.39387512207031,-8.274476051330566,12
108.27,39.39388656616211,-8.274443626403809,12
108.67,39.3939094543457,-8.27438735961914,12
108.87,39.3939208984375,-8.274365425109863,12
109.07,39.3939323425293,-8.27434253692627,12
109.27,39.393943786621094,-8.274322509765625,12
109.57,39.393951416015625,-8.274298667907715,12
109.67,39.393959045410156,-8.274272918701172,12
109.87,39.39397048950195,-8.274246215820312,12
110.07,39.393978118896484,-8.274219512939453,12
110.27,39.393985748291016,-8.274189949035645,12
110.67,39.39399719238281,-8.274130821228027,12
110.87,39.39399719238281,-8.274101257324219,12
111.07,39.39400100708008,-8.27407455444336,12
111.27,39.394004821777344,-8.27405071258545,12
111.57,39.39400863647461,-8.274031639099121,12
111.67,39.394012451171875,-8.274014472961426,12
111.87,39.394020080566406,-8.273996353149414,12
112.07,39.39402770996094,-8.273977279663086,12
112.27,39.3940315246582,-8.273953437805176,12
112.67,39.39405059814453,-8.273897171020508,12
112.87,39.39405822753906,-8.273865699768066,12
113.07,39.39406967163086,-8.273832321166992,12
113.27,39.394081115722656,-8.273799896240234,12
113.67,39.39408874511719,-8.27376651763916,12
113.87,39.39410400390625,-8.273696899414062,12
114.07,39.39411163330078,-8.273661613464355,12
114.27,39.39411926269531,-8.273624420166016,12
114.67,39.39412307739258,-8.27355670928955,12
114.87,39.394126892089844,-8.27352523803711,12
115.07,39.394126892089844,-8.273493766784668,12
115.27,39.394126892089844,-8.273463249206543,12
115.67,39.394126892089844,-8.273433685302734,12
115.87,39.394126892089844,-8.273372650146484,12
116.07,39.394126892089844,-8.273344039916992,12
116.27,39.39412307739258,-8.2733154296875,12
116.67,39.39412307739258,-8.273269653320312,12
116.87,39.39412307739258,-8.273252487182617,12
117.07,39.394126892089844,-8.273235321044922,12
117.27,39.394134521484375,-8.273222923278809,12
117.67,39.394142150878906,-8.273210525512695,12
117.87,39.394161224365234,-8.273185729980469,12
118.07,39.39417266845703,-8.273173332214355,12
118.27,39.394187927246094,-8.273159980773926,12
118.67,39.394222259521484,-8.273116111755371,12
118.87,39.39424133300781,-8.273086547851562,12
119.07,39.394256591796875,-8.273053169250488,12
119.27,39.39426803588867,-8.273017883300781,12
119.67,39.39427947998047,-8.272976875305176,12
119.87,39.394290924072266,-8.272897720336914,12
120.07,39.39429473876953,-8.272858619689941,12
120.27,39.3942985534668,-8.272821426391602,12
120.67,39.39430618286133,-8.27275562286377,12
120.87,39.39431381225586,-8.272726058959961,12
121.07,39.394317626953125,-8.272698402404785,12
121.27,39.394325256347656,-8.272671699523926,12
121.67,39.39433670043945,-8.27264404296875,12
121.87,39.39435958862305,-8.272589683532715,12
122.07,39.394371032714844,-8.272563934326172,12
122.27,39.39438247680664,-8.272539138793945,12
122.67,39.394405364990234,-8.272489547729492,12
122.87,39.39441680908203,-8.272466659545898,12
123.07,39.39442443847656,-8.272441864013672,12
123.27,39.39443588256836,-8.272416114807129,12
123.67,39.394447326660156,-8.272388458251953,12
123.87,39.394466400146484,-8.272330284118652,12
124.07,39.39447784423828,-8.27230167388916,12
124.27,39.39448547363281,-8.272271156311035,12
124.67,39.394500732421875,-8.272216796875,12
124.87,39.394508361816406,-8.272195816040039,12
125.07,39.39451599121094,-8.272177696228027,12
125.27,39.39453125,-8.272164344787598,12
125.47,39.39453125,-8.272164344787598,12
125.67,39.394561767578125,-8.272134780883789,12
125.87,39.39458084106445,-8.272116661071777,12
126.07,39.39459991455078,-8.272098541259766,12
126.27,39.394622802734375,-8.272079467773438,12
126.67,39.39466094970703,-8.272037506103516,12
126.87,39.394683837890625,-8.272018432617188,12
127.07,39.39469909667969,-8.271998405456543,12
127.27,39.394718170166016,-8.271980285644531,12
127.47,39.394718170166016,-8.271980285644531,12
127.67,39.39475631713867,-8.271944999694824,12
127.87,39.394775390625,-8.271926879882812,12
128.07,39.39479446411133,-8.271907806396484,12
128.27,39.39480972290039,-8.27188491821289,12
128.67,39.394832611083984,-8.271833419799805,12
128.87,39.39484405517578,-8.271807670593262,12
129.07,39.39485168457031,-8.271782875061035,12
129.27,39.394859313964844,-8.271759033203125,12
129.87,39.394874572753906,-8.271703720092773,12
130.07,39.39488220214844,-8.271692276000977,12
130.27,39.39488983154297,-8.271682739257812,12
130.67,39.39491271972656,-8.271668434143066,12
130.87,39.394927978515625,-8.271659851074219,12
131.07,39.39493942260742,-8.271651268005371,12
131.27,39.394954681396484,-8.271638870239258,12
131.87,39.394996643066406,-8.271586418151855,12
132.07,39.3950080871582,-8.271566390991211,12
132.27,39.39501953125,-8.271544456481934,12
132.67,39.395042419433594,-8.271492958068848,12
132.87,39.39505386352539,-8.271468162536621,12
133.07,39.39506149291992,-8.271444320678711,12
133.27,39.39506912231445,-8.2714204788208,12
133.87,39.395084381103516,-8.27137279510498,12
134.07,39.39508819580078,-8.271363258361816,12
134.27,39.39509582519531,-8.271357536315918,12
134.67,39.39510726928711,-8.27134895324707,12
134.87,39.395111083984375,-8.271347999572754,12
135.07,39.395118713378906,-8.271346092224121,12
135.27,39.39512634277344,-8.271343231201172,12
135.87,39.3951416015625,-8.271330833435059,12
136.07,39.395145416259766,-8.271323204040527,12
136.27,39.3951530456543,-8.271315574645996,12
136.67,39.395164489746094,-8.271295547485352,12
136.87,39.39516830444336,-8.271285057067871,12
137.07,39.39517593383789,-8.27127456665039,12
137.27,39.39518356323242,-8.271263122558594,12
137.87,39.39520263671875,-8.271230697631836,12
138.07,39.39521026611328,-8.271222114562988,12
138.27,39.39521408081055,-8.271212577819824,12
138.67,39.39522933959961,-8.271197319030762,12
138.87,39.39523696899414,-8.271190643310547,12
139.07,39.39524459838867,-8.271185874938965,12
139.27,39.3952522277832,-8.271181106567383,12
139.47,39.395263671875,-8.2711763381958,12
139.67,39.39527130126953,-8.271173477172852,12
139.87,39.395286560058594,-8.271172523498535,12
140.07,39.39529800415039,-8.27116870880127,12
140.27,39.39531326293945,-8.271163940429688,12
140.67,39.39535903930664,-8.27114486694336,12
140.87,39.39537811279297,-8.271130561828613,12
141.07,39.39540100097656,-8.271113395690918,12
141.27,39.39542007446289,-8.271097183227539,12
141.87,39.395477294921875,-8.271039962768555,12
142.07,39.39550018310547,-8.271021842956543,12
142.27,39.39551544189453,-8.271005630493164,12
142.67,39.39555740356445,-8.270978927612305,12
142.87,39.395572662353516,-8.270965576171875,12
143.07,39.395591735839844,-8.270950317382812,12
143.27,39.395606994628906,-8.2709321975708,12
143.87,39.39564514160156,-8.270872116088867,12
144.07,39.39565658569336,-8.270851135253906,12
144.27,39.395668029785156,-8.270831108093262,12
144.67,39.39569091796875,-8.27078628540039,12
144.87,39.39569854736328,-8.270763397216797,12
145.07,39.395713806152344,-8.270739555358887,12
145.27,39.395729064941406,-8.270715713500977,12
145.87,39.39577865600586,-8.270639419555664,12
146.07,39.39579391479492,-8.270614624023438,12
146.27,39.39581298828125,-8.270588874816895,12
146.47,39.39582824707031,-8.270565032958984,12
146.67,39.395843505859375,-8.270544052124023,12
146.87,39.39585494995117,-8.270524978637695,12
147.07,39.39586639404297,-8.270509719848633,12
147.27,39.395877838134766,-8.270495414733887,12
147.87,39.395912170410156,-8.270472526550293,12
148.07,39.39592361450195,-8.270464897155762,12
148.27,39.39593505859375,-8.270461082458496,12
148.67,39.395957946777344,-8.270450592041016,12
148.87,39.39596939086914,-8.270442962646484,12
149.07,39.39597702026367,-8.270435333251953,12
149.27,39.3959846496582,-8.270424842834473,12
149.47,39.3959846496582,-8.270424842834473,12
149.67,39.395999908447266,-8.270403861999512,12
149.87,39.39601135253906,-8.270393371582031,12
150.07,39.396018981933594,-8.270383834838867,12
150.27,39.396034240722656,-8.270373344421387,12
150.67,39.39606857299805,-8.270347595214844,12
150.87,39.396087646484375,-8.270333290100098,12
151.07,39.39611053466797,-8.270317077636719,12
151.27,39.3961296081543,-8.27029800415039,12
151.87,39.39619445800781,-8.270238876342773,12
152.07,39.39621353149414,-8.270218849182129,12
152.27,39.396236419677734,-8.2702054977417,12
152.67,39.39627456665039,-8.270191192626953,12
152.87,39.39628982543945,-8.27019214630127,12
153.07,39.39630126953125,-8.270193099975586,12
153.27,39.39630889892578,-8.270193099975586,12
153.87,39.396324157714844,-8.27016830444336,12
154.07,39.396331787109375,-8.270149230957031,12
154.27,39.39634704589844,-8.270126342773438,12
154.47,39.39636993408203,-8.270103454589844,12
154.67,39.396392822265625,-8.270087242126465,12
154.87,39.396419525146484,-8.270073890686035,12
155.07,39.39644241333008,-8.270062446594238,12
155.27,39.396461486816406,-8.27005672454834,12
155.67,39.396488189697266,-8.270045280456543,12
155.87,39.3964958190918,-8.27003288269043,12
156.07,39.396507263183594,-8.270017623901367,12
156.27,39.39651870727539,-8.269993782043457,12
156.47,39.39653015136719,-8.269967079162598,12
156.67,39.39654541015625,-8.269940376281738,12
156.87,39.39656448364258,-8.269914627075195,12
157.07,39.396583557128906,-8.269889831542969,12
157.27,39.396610260009766,-8.269875526428223,12
157.37,39.396610260009766,-8.269875526428223,12
157.67,39.39665222167969,-8.269864082336426,12
157.87,39.39666748046875,-8.269862174987793,12
158.07,39.39667510986328,-8.26986026763916,12
158.27,39.39668273925781,-8.269856452941895,12
158.67,39.396690368652344,-8.269829750061035,12
158.87,39.396697998046875,-8.26980972290039,12
159.07,39.39670944213867,-8.269786834716797,12
159.27,39.396724700927734,-8.269763946533203,12
159.37,39.396724700927734,-8.269763946533203,12
159.67,39.396766662597656,-8.269718170166016,12
159.87,39.39678955078125,-8.269699096679688,12
160.07,39.39681625366211,-8.269686698913574,12
160.27,39.3968391418457,-8.269672393798828,12
160.47,39.39686584472656,-8.269659042358398,12
160.67,39.39689254760742,-8.269646644592285,12
160.87,39.396915435791016,-8.269634246826172,12
161.07,39.396942138671875,-8.269621849060059,12
161.27,39.39696502685547,-8.269607543945312,12
161.37,39.39696502685547,-8.269607543945312,12
161.67,39.39700698852539,-8.269579887390137,12
161.87,39.39702606201172,-8.269564628601074,12
162.07,39.39704513549805,-8.269549369812012,12
162.27,39.397064208984375,-8.269533157348633,12
162.67,39.39710235595703,-8.269495964050293,12
162.87,39.39712142944336,-8.269474983215332,12
163.07,39.39713668823242,-8.269452095031738,12
163.27,39.397151947021484,-8.269429206848145,12
163.37,39.397151947021484,-8.269429206848145,12
163.67,39.39717483520508,-8.269384384155273,12
163.87,39.397186279296875,-8.269360542297363,12
164.07,39.39719772338867,-8.26933765411377,12
164.27,39.39720916748047,-8.269315719604492,12
164.67,39.39723205566406,-8.269269943237305,12
164.87,39.39724349975586,-8.269247055053711,12
165.07,39.39725875854492,-8.269225120544434,12
165.27,39.39727020263672,-8.269205093383789,12
165.37,39.39727020263672,-8.269205093383789,12
165.67,39.39729690551758,-8.269176483154297,12
165.87,39.397308349609375,-8.2691650390625,12
166.07,39.39731979370117,-8.269153594970703,12
166.27,39.397335052490234,-8.269145965576172,12
166.67,39.397361755371094,-8.269134521484375,12
166.87,39.397377014160156,-8.269128799438477,12
167.07,39.39739227294922,-8.269122123718262,12
167.27,39.39740753173828,-8.269118309020996,12
167.37,39.39740753173828,-8.269118309020996,12
167.67,39.39744567871094,-8.269105911254883,12
167.87,39.397464752197266,-8.269098281860352,12
168.07,39.397483825683594,-8.269086837768555,12
168.27,39.397499084472656,-8.269075393676758,12
168.67,39.39753723144531,-8.269046783447266,12
168.87,39.397552490234375,-8.269031524658203,12
169.07,39.3975715637207,-8.269017219543457,12
169.27,39.397586822509766,-8.269002914428711,12
169.37,39.397586822509766,-8.269002914428711,12
169.67,39.39761734008789,-8.268980026245117,12
169.87,39.39763259887695,-8.268972396850586,12
170.07,39.397647857666016,-8.268964767456055,12
170.27,39.39766311645508,-8.26895809173584,12
170.67,39.39769744873047,-8.26894760131836,12
170.87,39.39771270751953,-8.268939971923828,12
171.07,39.397727966308594,-8.268933296203613,12
171.27,39.39774703979492,-8.2689208984375,12
171.37,39.39774703979492,-8.2689208984375,12
171.67,39.39778137207031,-8.268893241882324,12
171.87,39.397796630859375,-8.268876075744629,12
172.07,39.3978157043457,-8.2688570022583,12
172.27,39.39783477783203,-8.268836975097656,12
172.67,39.39786148071289,-8.268795013427734,12
172.87,39.39787292480469,-8.268774032592773,12
173.07,39.397884368896484,-8.268759727478027,12
173.27,39.397891998291016,-8.268746376037598,12
173.37,39.397891998291016,-8.268746376037598,12
173.67,39.39791488647461,-8.268735885620117,12
173.87,39.397926330566406,-8.2687349319458,12
174.07,39.3979377746582,-8.268733978271484,12
174.27,39.397953033447266,-8.268732070922852,12
174.47,39.39796447753906,-8.268728256225586,12
174.67,39.397979736328125,-8.268725395202637,12
174.87,39.39799880981445,-8.268722534179688,12
175.07,39.398014068603516,-8.268719673156738,12
175.27,39.398033142089844,-8.26871395111084,12
175.37,39.398033142089844,-8.26871395111084,12
175.67,39.3980712890625,-8.268696784973145,12
175.87,39.398094177246094,-8.268684387207031,12
176.07,39.39811325073242,-8.268672943115234,12
176.27,39.398128509521484,-8.268661499023438,12
176.67,39.398162841796875,-8.268638610839844,12
176.87,39.39817428588867,-8.268630981445312,12
177.07,39.398189544677734,-8.268624305725098,12
177.27,39.39820098876953,-8.268617630004883,12
177.37,39.39820098876953,-8.268617630004883,12
177.67,39.39822769165039,-8.268600463867188,12
177.87,39.39824295043945,-8.268593788146973,12
178.07,39.398258209228516,-8.268583297729492,12
178.27,39.39827346801758,-8.268572807312012,12
178.67,39.3983039855957,-8.268547058105469,12
178.87,39.39832305908203,-8.268534660339355,12
179.07,39.39834213256836,-8.268522262573242,12
179.27,39.39836120605469,-8.268509864807129,12
179.37,39.39836120605469,-8.268509864807129,12
179.67,39.39840316772461,-8.268486976623535,12
179.87,39.3984260559082,-8.268476486206055,12
180.07,39.3984489440918,-8.268465995788574,12
180.27,39.39847183227539,-8.268453598022461,12
180.67,39.39851379394531,-8.268423080444336,12
180.87,39.39853286743164,-8.26840591430664,12
181.07,39.3985481262207,-8.268387794494629,12
181.27,39.398563385009766,-8.2683687210083,12
181.37,39.398563385009766,-8.2683687210083,12
181.67,39.398590087890625,-8.268329620361328,12
181.87,39.398597717285156,-8.268310546875,12
182.07,39.39860534667969,-8.268293380737305,12
182.27,39.39861297607422,-8.268279075622559,12
182.67,39.39862823486328,-8.268261909484863,12
182.87,39.39863967895508,-8.268257141113281,12
183.07,39.398651123046875,-8.268257141113281,12
183.27,39.39866638183594,-8.268257141113281,12
183.37,39.39866638183594,-8.268257141113281,12
183.67,39.398704528808594,-8.2682523727417,12
183.87,39.39872360229492,-8.268247604370117,12
184.07,39.398746490478516,-8.268241882324219,12
184.27,39.39876937866211,-8.268232345581055,12
184.67,39.39881134033203,-8.268209457397461,12
184.87,39.398834228515625,-8.268194198608398,12
185.07,39.39885330200195,-8.26817798614502,12
185.27,39.39887237548828,-8.268160820007324,12
185.37,39.39887237548828,-8.268160820007324,12
185.67,39.39890670776367,-8.268128395080566,12
185.87,39.398921966552734,-8.268111228942871,12
186.07,39.3989372253418,-8.268095970153809,12
186.27,39.39895248413086,-8.268082618713379,12
186.67,39.398983001708984,-8.268054962158203,12
186.87,39.39899826049805,-8.268041610717773,12
187.07,39.399009704589844,-8.268028259277344,12
187.27,39.39902114868164,-8.268013000488281,12
187.37,39.39902114868164,-8.268013000488281,12
187.47,39.39903259277344,-8.267998695373535,12
187.67,39.3990478515625,-8.267985343933105,12
187.87,39.3990592956543,-8.267970085144043,12
188.07,39.399070739746094,-8.267955780029297,12
188.27,39.399085998535156,-8.26794147491455,12
188.67,39.399112701416016,-8.267911911010742,12
188.87,39.39912796020508,-8.267899513244629,12
189.07,39.399139404296875,-8.267889022827148,12
189.27,39.39915084838867,-8.267879486083984,12
189.37,39.39915084838867,-8.267879486083984,12
189.67,39.399173736572266,-8.267861366271973,12
189.87,39.3991813659668,-8.267854690551758,12
190.07,39.399192810058594,-8.267849922180176,12
190.27,39.39920425415039,-8.26784610748291,12
190.67,39.399234771728516,-8.267839431762695,12
190.87,39.399253845214844,-8.26783561706543,12
191.07,39.39927291870117,-8.267828941345215,12
191.27,39.3992919921875,-8.267821311950684,12
191.37,39.3992919921875,-8.267821311950684,12
191.67,39.39933776855469,-8.267797470092773,12
191.87,39.39936065673828,-8.267783164978027,12
192.07,39.39937973022461,-8.267766952514648,12
192.27,39.39939880371094,-8.26775074005127,12
192.67,39.39943313598633,-8.267721176147461,12
192.87,39.39944839477539,-8.267711639404297,12
193.07,39.39946365356445,-8.267702102661133,12
193.27,39.39947509765625,-8.267694473266602,12
193.37,39.39947509765625,-8.267694473266602,12
193.67,39.39950180053711,-8.26767349243164,12
193.87,39.399513244628906,-8.26766300201416,12
194.07,39.39952850341797,-8.267650604248047,12
194.27,39.399539947509766,-8.26763916015625,12
194.67,39.399574279785156,-8.267614364624023,12
194.87,39.39959716796875,-8.267605781555176,12
195.07,39.39961624145508,-8.267598152160645,12
195.27,39.39963912963867,-8.267592430114746,12
195.37,39.39963912963867,-8.267592430114746,12
195.67,39.39968490600586,-8.26758098602295,12
195.87,39.39971160888672,-8.267574310302734,12
196.07,39.39973831176758,-8.267568588256836,12
196.27,39.39976119995117,-8.267560005187988,12
196.67,39.399803161621094,-8.267534255981445,12
196.87,39.39982604980469,-8.267518997192383,12
197.07,39.39984130859375,-8.267501831054688,12
197.27,39.39986038208008,-8.267480850219727,12
197.67,39.399898529052734,-8.267439842224121,12
197.87,39.3999137878418,-8.267416954040527,12
198.07,39.399932861328125,-8.267393112182617,12
198.27,39.39995193481445,-8.267373085021973,12
198.67,39.399993896484375,-8.267335891723633,12
198.87,39.4000129699707,-8.267318725585938,12
199.07,39.4000358581543,-8.267304420471191,12
199.27,39.400054931640625,-8.267289161682129,12
199.47,39.40007781982422,-8.267274856567383,12
199.67,39.40010070800781,-8.26725959777832,12
199.87,39.40011978149414,-8.267244338989258,12
200.07,39.4001350402832,-8.267227172851562,12
200.27,39.40015411376953,-8.267208099365234,12
200.67,39.40018081665039,-8.267170906066895,12
200.87,39.40019226074219,-8.267151832580566,12
201.07,39.400203704833984,-8.267131805419922,12
201.27,39.40021514892578,-8.26711368560791,12
201.67,39.400230407714844,-8.26707935333252,12
201.87,39.40023422241211,-8.267066955566406,12
202.07,39.40024185180664,-8.26705551147461,12
202.27,39.40024948120117,-8.267045974731445,12
202.67,39.400264739990234,-8.267035484313965,12
202.87,39.400272369384766,-8.267029762268066,12
203.07,39.40028381347656,-8.267024993896484,12
203.27,39.40029525756836,-8.267023086547852,12
203.67,39.40031814575195,-8.267020225524902,12
203.87,39.40032958984375,-8.26701831817627,12
204.07,39.40034103393555,-8.267016410827637,12
204.27,39.400352478027344,-8.267013549804688,12
204.47,39.400367736816406,-8.267009735107422,12
204.67,39.4003791809082,-8.267005920410156,12
204.87,39.400390625,-8.267004013061523,12
205.07,39.40040588378906,-8.267001152038574,12
205.27,39.40041732788086,-8.266996383666992,12
205.67,39.40044021606445,-8.266992568969727,12
205.87,39.40045166015625,-8.26699161529541,12
206.07,39.40046310424805,-8.26699161529541,12
206.27,39.400474548339844,-8.266992568969727,12
206.67,39.40049743652344,-8.266996383666992,12
206.87,39.400508880615234,-8.266998291015625,12
207.07,39.40052032470703,-8.267000198364258,12
207.27,39.40053176879883,-8.267000198364258,12
207.67,39.40055847167969,-8.266993522644043,12
207.87,39.40057373046875,-8.266984939575195,12
208.07,39.40058517456055,-8.266977310180664,12
208.27,39.400596618652344,-8.2669677734375,12
208.67,39.40061569213867,-8.266945838928223,12
208.87,39.40061950683594,-8.266934394836426,12
209.07,39.40062713623047,-8.266923904418945,12
209.27,39.400630950927734,-8.266916275024414,12
209.67,39.400638580322266,-8.266907691955566,12
209.87,39.40064239501953,-8.26690673828125,12
210.07,39.4006462097168,-8.266905784606934,12
210.27,39.40065002441406,-8.266904830932617,12
210.67,39.40066146850586,-8.26689338684082,12
210.87,39.40066909790039,-8.266885757446289,12
211.07,39.40067672729492,-8.266878128051758,12
211.27,39.40068435668945,-8.266868591308594,12
211.67,39.400699615478516,-8.26684284210205,12
211.87,39.40070724487305,-8.266829490661621,12
212.07,39.40071487426758,-8.266815185546875,12
212.27,39.40072250366211,-8.266799926757812,12
212.67,39.400733947753906,-8.266768455505371,12
212.87,39.40073776245117,-8.266753196716309,12
213.07,39.40074157714844,-8.266736030578613,12
213.27,39.4007453918457,-8.266718864440918,12
213.67,39.4007453918457,-8.266692161560059,12
213.87,39.4007453918457,-8.266681671142578,12
214.07,39.40074920654297,-8.266674995422363,12
214.27,39.40074920654297,-8.266668319702148,12
214.67,39.40074920654297,-8.266655921936035,12
214.87,39.400753021240234,-8.266650199890137,12
215.07,39.400753021240234,-8.266641616821289,12
215.27,39.4007568359375,-8.266630172729492,12
215.67,39.400760650634766,-8.266603469848633,12
215.87,39.40076446533203,-8.266589164733887,12
216.07,39.4007682800293,-8.266573905944824,12
216.27,39.40077209472656,-8.266556739807129,12
216.47,39.40077590942383,-8.266544342041016,12
216.67,39.40077590942383,-8.266533851623535,12
216.87,39.400779724121094,-8.266526222229004,12
217.07,39.400779724121094,-8.266519546508789,12
217.27,39.40078353881836,-8.266514778137207,12
217.67,39.40079116821289,-8.266509056091309,12
217.87,39.400794982910156,-8.266509056091309,12
218.07,39.40079879760742,-8.266509056091309,12
218.27,39.40080261230469,-8.266508102416992,12
218.67,39.40081787109375,-8.266508102416992,12
218.87,39.40082550048828,-8.266509056091309,12
219.07,39.40083312988281,-8.266508102416992,12
219.27,39.400840759277344,-8.266507148742676,12
219.67,39.40086364746094,-8.266507148742676,12
219.87,39.400875091552734,-8.26650619506836,12
220.07,39.40088653564453,-8.266505241394043,12
220.27,39.40089797973633,-8.266504287719727,12
220.67,39.400917053222656,-8.266505241394043,12
220.87,39.40092468261719,-8.26650619506836,12
221.07,39.400936126708984,-8.266507148742676,12
221.27,39.400943756103516,-8.266509056091309,12
221.67,39.400962829589844,-8.26651382446289,12
221.87,39.40097427368164,-8.26651668548584,12
222.07,39.4009895324707,-8.266517639160156,12
222.27,39.401004791259766,-8.26651668548584,12
222.67,39.401039123535156,-8.266510009765625,12
222.87,39.40105438232422,-8.26650333404541,12
223.07,39.40107345581055,-8.266496658325195,12
223.67,39.40113067626953,-8.26646900177002,12
223.87,39.401145935058594,-8.266458511352539,12
224.07,39.40116500854492,-8.266447067260742,12
224.27,39.401180267333984,-8.266435623168945,12
224.67,39.401206970214844,-8.266413688659668,12
224.87,39.40121841430664,-8.266403198242188,12
225.07,39.40122985839844,-8.26639461517334,12
225.27,39.40123748779297,-8.266385078430176,12
225.67,39.40126037597656,-8.266366958618164,12
225.87,39.401268005371094,-8.266357421875,12
226.07,39.40127944946289,-8.266347885131836,12
226.27,39.40129089355469,-8.266336441040039,12
226.47,39.40130615234375,-8.266324996948242,12
226.67,39.40131759643555,-8.266312599182129,12
226.87,39.40133285522461,-8.266300201416016,12
227.07,39.40134811401367,-8.266288757324219,12
227.27,39.40135955810547,-8.266275405883789,12
227.67,39.40138244628906,-8.266253471374512,12
227.87,39.40139389038086,-8.266246795654297,12
228.07,39.401405334472656,-8.266241073608398,12
228.27,39.40141296386719,-8.266240119934082,12
228.47,39.401424407958984,-8.266240119934082,12
228.87,39.401451110839844,-8.266243934631348,12
229.07,39.40146255493164,-8.266247749328613,12
229.27,39.40148162841797,-8.266251564025879,12
229.67,39.401512145996094,-8.266256332397461,12
229.87,39.401527404785156,-8.26625919342041,12
230.07,39.40153884887695,-8.26626205444336,12
230.27,39.40155029296875,-8.266263961791992,12
230.67,39.401573181152344,-8.266267776489258,12
230.87,39.401588439941406,-8.266270637512207,12
231.07,39.40160369873047,-8.266271591186523,12
231.27,39.40161895751953,-8.266273498535156,12
231.67,39.40165328979492,-8.26627254486084,12
231.87,39.40167236328125,-8.266271591186523,12
232.07,39.401695251464844,-8.266271591186523,12
232.27,39.40171432495117,-8.266271591186523,12
232.67,39.40176010131836,-8.26627254486084,12
232.87,39.40178298950195,-8.266276359558105,12
233.07,39.40180587768555,-8.266279220581055,12
233.27,39.40182876586914,-8.26628303527832,12
233.47,39.401851654052734,-8.26628589630127,12
233.67,39.40187454223633,-8.266288757324219,12
233.87,39.40189743041992,-8.266287803649902,12
234.07,39.401920318603516,-8.266284942626953,12
234.27,39.40194320678711,-8.266281127929688,12
234.67,39.401981353759766,-8.26626968383789,12
234.87,39.402000427246094,-8.26626205444336,12
235.07,39.40202331542969,-8.266254425048828,12
235.17,39.40202331542969,-8.266254425048828,12
235.27,39.402042388916016,-8.26624584197998,12
235.67,39.40208053588867,-8.266223907470703,12
235.87,39.402099609375,-8.266212463378906,12
236.07,39.40211486816406,-8.26620101928711,12
236.27,39.40212631225586,-8.266192436218262,12
236.67,39.40214920043945,-8.266179084777832,12
236.87,39.40216064453125,-8.266173362731934,12
237.07,39.40216827392578,-8.2661714553833,12
237.17,39.40216827392578,-8.2661714553833,12
237.27,39.40217971801758,-8.266168594360352,12
237.67,39.40220260620117,-8.26616096496582,12
237.87,39.4022102355957,-8.266153335571289,12
238.07,39.4022216796875,-8.266145706176758,12
238.27,39.40223693847656,-8.266136169433594,12
238.47,39.40224838256836,-8.266125679016113,12
238.67,39.402259826660156,-8.266114234924316,12
238.87,39.40227127075195,-8.266101837158203,12
239.07,39.40228271484375,-8.266088485717773,12
239.17,39.40228271484375,-8.266088485717773,12
239.27,39.40229415893555,-8.266075134277344,12
239.47,39.402305603027344,-8.266059875488281,12
239.67,39.40231704711914,-8.266044616699219,12
239.87,39.40232849121094,-8.26602840423584,12
240.07,39.402339935302734,-8.266011238098145,12
240.27,39.40235137939453,-8.265995025634766,12
240.67,39.40237045288086,-8.265959739685059,12
240.87,39.402374267578125,-8.265945434570312,12
241.07,39.40237808227539,-8.26593017578125,12
241.17,39.40237808227539,-8.26593017578125,12
241.27,39.402381896972656,-8.26591682434082,12
241.67,39.40238571166992,-8.265897750854492,12
241.87,39.40238571166992,-8.265890121459961,12
242.07,39.40238952636719,-8.26588249206543,12
242.27,39.40238571166992,-8.265877723693848,12
242.67,39.40238571166992,-8.265871047973633,12
242.87,39.40238952636719,-8.265869140625,12
243.07,39.40238952636719,-8.265868186950684,12
243.17,39.40238952636719,-8.265868186950684,12
243.27,39.40239334106445,-8.265868186950684,12
243.67,39.40239715576172,-8.265869140625,12
243.87,39.40240478515625,-8.26587200164795,12
244.07,39.402408599853516,-8.265874862670898,12
244.27,39.40241622924805,-8.265876770019531,12
244.67,39.402427673339844,-8.265880584716797,12
244.87,39.402435302734375,-8.265880584716797,12
245.07,39.40243911743164,-8.265880584716797,12
245.17,39.40243911743164,-8.265880584716797,12
245.27,39.402442932128906,-8.26587963104248,12
245.67,39.40244674682617,-8.265875816345215,12
245.87,39.40245056152344,-8.265875816345215,12
246.07,39.40245056152344,-8.265876770019531,12
246.27,39.4024543762207,-8.265877723693848,12
246.67,39.402462005615234,-8.265885353088379,12
246.87,39.402469635009766,-8.265891075134277,12
247.07,39.4024772644043,-8.265898704528809,12
247.17,39.4024772644043,-8.265898704528809,12
247.27,39.402488708496094,-8.265909194946289,12
247.47,39.40250015258789,-8.265920639038086,12
247.67,39.40251159667969,-8.265933990478516,12
247.87,39.402523040771484,-8.265947341918945,12
248.07,39.40253448486328,-8.265958786010742,12
248.27,39.40254592895508,-8.26596736907959,12
248.67,39.40257263183594,-8.265978813171387,12
248.87,39.402587890625,-8.265984535217285,12
249.07,39.40260314941406,-8.265989303588867,12
249.17,39.40260314941406,-8.265989303588867,12
249.27,39.402618408203125,-8.265992164611816,12
249.67,39.40264892578125,-8.26599407196045,12
249.87,39.40266799926758,-8.265992164611816,12
250.07,39.40268325805664,-8.26598834991455,12
250.27,39.4026985168457,-8.265983581542969,12
250.67,39.40272903442383,-8.265972137451172,12
250.87,39.402740478515625,-8.26596450805664,12
251.07,39.40275192260742,-8.265955924987793,12
251.17,39.40275192260742,-8.265955924987793,12
251.27,39.40275955200195,-8.265946388244629,12
251.67,39.40277099609375,-8.265932083129883,12
251.87,39.40277099609375,-8.265928268432617,12
252.07,39.402774810791016,-8.265924453735352,12
252.27,39.402774810791016,-8.265924453735352,12
252.67,39.402774810791016,-8.265928268432617,12
252.87,39.40277862548828,-8.2659330368042,12
253.07,39.40278244018555,-8.265938758850098,12
253.17,39.40278244018555,-8.265938758850098,12
253.27,39.40278244018555,-8.265944480895996,12
253.67,39.402793884277344,-8.26595401763916,12
253.87,39.40279769897461,-8.265958786010742,12
254.07,39.40280532836914,-8.265961647033691,12
254.27,39.402809143066406,-8.265965461730957,12
254.67,39.4028205871582,-8.265970230102539,12
254.87,39.40282440185547,-8.265973091125488,12
255.07,39.40283203125,-8.265976905822754,12
255.17,39.40283203125,-8.265976905822754,12
255.27,39.40283966064453,-8.265981674194336,12
255.67,39.40285873413086,-8.2659912109375,12
255.87,39.402870178222656,-8.265995979309082,12
256.07,39.40288162231445,-8.265998840332031,12
256.27,39.40289306640625,-8.26600170135498,12
256.67,39.40291976928711,-8.266002655029297,12
256.87,39.402931213378906,-8.266000747680664,12
257.07,39.40293884277344,-8.265998840332031,12
257.17,39.40293884277344,-8.265998840332031,12
257.27,39.402950286865234,-8.265996932983398,12
257.67,39.40297317504883,-8.265992164611816,12
257.87,39.402984619140625,-8.2659912109375,12
258.07,39.40299606323242,-8.265989303588867,12
258.27,39.40300369262695,-8.265986442565918,12
258.47,39.40301513671875,-8.265984535217285,12
258.67,39.40302658081055,-8.26598072052002,12
258.87,39.403038024902344,-8.265976905822754,12
259.07,39.403045654296875,-8.265973091125488,12
259.17,39.403045654296875,-8.265973091125488,12
259.27,39.40305709838867,-8.26596736907959,12
259.67,39.403076171875,-8.265954971313477,12
259.87,39.40308380126953,-8.265946388244629,12
260.07,39.40309143066406,-8.265938758850098,12
260.27,39.40309524536133,-8.265931129455566,12
260.67,39.403099060058594,-8.265922546386719,12
260.87,39.40310287475586,-8.265920639038086,12
261.07,39.40310287475586,-8.265920639038086,12
261.17,39.40310287475586,-8.265920639038086,12
261.27,39.40310287475586,-8.265923500061035,12
261.67,39.40310287475586,-8.265934944152832,12
261.87,39.403106689453125,-8.26594066619873,12
262.07,39.403106689453125,-8.265947341918945,12
262.27,39.40311050415039,-8.26595401763916,12
262.47,39.403114318847656,-8.265959739685059,12
262.67,39.40311813354492,-8.26596450805664,12
262.87,39.40312194824219,-8.265969276428223,12
263.07,39.40312576293945,-8.265974044799805,12
263.17,39.40312576293945,-8.265974044799805,12
263.27,39.40312957763672,-8.265979766845703,12
263.47,39.403133392333984,-8.265985488891602,12
263.67,39.40313720703125,-8.265993118286133,12
263.87,39.403141021728516,-8.26600170135498,12
264.07,39.40314483642578,-8.266011238098145,12
264.27,39.40314865112305,-8.266020774841309,12
264.67,39.403160095214844,-8.26603889465332,12
264.87,39.403167724609375,-8.266045570373535,12
265.07,39.40317916870117,-8.26605224609375,12
265.17,39.40317916870117,-8.26605224609375,12
265.27,39.4031867980957,-8.266057014465332,12
265.67,39.4032096862793,-8.266060829162598,12
265.87,39.40321731567383,-8.266060829162598,12
266.07,39.403228759765625,-8.266057968139648,12
266.27,39.403236389160156,-8.266053199768066,12
266.67,39.40325164794922,-8.26603889465332,12
266.87,39.403255462646484,-8.266031265258789,12
267.07,39.40325927734375,-8.266023635864258,12
267.17,39.40325927734375,-8.266023635864258,12
267.27,39.40325927734375,-8.266016006469727,12
267.67,39.40325927734375,-8.26600456237793,12
267.87,39.40325927734375,-8.26600170135498,12
268.07,39.403255462646484,-8.266000747680664,12
268.27,39.40325164794922,-8.26600170135498,12
268.67,39.40324783325195,-8.266010284423828,12
268.87,39.40324783325195,-8.266016006469727,12
269.07,39.40324783325195,-8.266024589538574,12
269.17,39.40324783325195,-8.266024589538574,12
269.27,39.40325164794922,-8.266033172607422,12
269.87,39.403263092041016,-8.2660551071167,0
270.07,39.40326690673828,-8.26605224609375,12
270.27,39.40326690673828,-8.2660551071167,12
270.67,39.40325927734375,-8.2660551071167,12
270.87,39.403255462646484,-8.266053199768066,12
271.07,39.403255462646484,-8.26605224609375,12
271.27,39.403255462646484,-8.26605224609375,12